"filename", "language", "JSON", "Markdown", "Rust", "Svelte", "XML", "TypeScript", "comment", "blank", "total"
"c:\Users\yungr\Documents\Misc Projects\NoWork\README.md", "Markdown", 0, 4, 0, 0, 0, 0, 0, 2, 6
"c:\Users\yungr\Documents\Misc Projects\NoWork\package-lock.json", "JSON", 32, 0, 0, 0, 0, 0, 0, 0, 32
"c:\Users\yungr\Documents\Misc Projects\NoWork\package.json", "JSON", 1, 0, 0, 0, 0, 0, 0, 0, 1
"c:\Users\yungr\Documents\Misc Projects\NoWork\src-tauri\assets\greeting.json", "JSON", 4, 0, 0, 0, 0, 0, 0, 0, 4
"c:\Users\yungr\Documents\Misc Projects\NoWork\src-tauri\icons\android\mipmap-anydpi-v26\ic_launcher.xml", "XML", 0, 0, 0, 0, 5, 0, 0, 0, 5
"c:\Users\yungr\Documents\Misc Projects\NoWork\src-tauri\icons\android\values\ic_launcher_background.xml", "XML", 0, 0, 0, 0, 4, 0, 0, 0, 4
"c:\Users\yungr\Documents\Misc Projects\NoWork\src-tauri\src\calendar\authtest.rs", "Rust", 0, 0, 25, 0, 0, 0, 3, 6, 34
"c:\Users\yungr\Documents\Misc Projects\NoWork\src-tauri\src\commands\database.rs", "Rust", 0, 0, 1, 0, 0, 0, 0, 0, 1
"c:\Users\yungr\Documents\Misc Projects\NoWork\src-tauri\src\commands\geolocation.rs", "Rust", 0, 0, 36, 0, 0, 0, 0, 7, 43
"c:\Users\yungr\Documents\Misc Projects\NoWork\src-tauri\src\commands\mod.rs", "Rust", 0, 0, 2, 0, 0, 0, 0, -1, 1
"c:\Users\yungr\Documents\Misc Projects\NoWork\src-tauri\src\commands\priority.rs", "Rust", 0, 0, 17, 0, 0, 0, 0, 6, 23
"c:\Users\yungr\Documents\Misc Projects\NoWork\src-tauri\src\commands\tasks.rs", "Rust", 0, 0, 37, 0, 0, 0, 1, 11, 49
"c:\Users\yungr\Documents\Misc Projects\NoWork\src-tauri\src\commands\types.rs", "Rust", 0, 0, 25, 0, 0, 0, 0, 2, 27
"c:\Users\yungr\Documents\Misc Projects\NoWork\src-tauri\src\lib.rs", "Rust", 0, 0, 3, 0, 0, 0, 0, 0, 3
"c:\Users\yungr\Documents\Misc Projects\NoWork\src\lib\AlertDialog.svelte", "Svelte", 0, 0, 0, 32, 0, 0, 0, 2, 34
"c:\Users\yungr\Documents\Misc Projects\NoWork\src\lib\Badge.svelte", "Svelte", 0, 0, 0, -18, 0, 0, 0, -5, -23
"c:\Users\yungr\Documents\Misc Projects\NoWork\src\lib\CalendarWidget.svelte", "Svelte", 0, 0, 0, -158, 0, 0, 0, -26, -184
"c:\Users\yungr\Documents\Misc Projects\NoWork\src\lib\ColorLine.svelte", "Svelte", 0, 0, 0, -3, 0, 0, 0, 0, -3
"c:\Users\yungr\Documents\Misc Projects\NoWork\src\lib\Dropdown.svelte", "Svelte", 0, 0, 0, 84, 0, 0, 0, 10, 94
"c:\Users\yungr\Documents\Misc Projects\NoWork\src\lib\Header.svelte", "Svelte", 0, 0, 0, -53, 0, 0, 0, -5, -58
"c:\Users\yungr\Documents\Misc Projects\NoWork\src\lib\Logo.svelte", "Svelte", 0, 0, 0, -36, 0, 0, 0, -2, -38
"c:\Users\yungr\Documents\Misc Projects\NoWork\src\lib\NumberInput.svelte", "Svelte", 0, 0, 0, -1, 0, 0, 0, 0, -1
"c:\Users\yungr\Documents\Misc Projects\NoWork\src\lib\PrioritySelector.svelte", "Svelte", 0, 0, 0, 80, 0, 0, 0, 10, 90
"c:\Users\yungr\Documents\Misc Projects\NoWork\src\lib\Sidebar.svelte", "Svelte", 0, 0, 0, -1, 0, 0, 0, 0, -1
"c:\Users\yungr\Documents\Misc Projects\NoWork\src\lib\SidebarButton.svelte", "Svelte", 0, 0, 0, -3, 0, 0, 0, 0, -3
"c:\Users\yungr\Documents\Misc Projects\NoWork\src\lib\TaskCard.svelte", "Svelte", 0, 0, 0, 36, 0, 0, 3, 20, 59
"c:\Users\yungr\Documents\Misc Projects\NoWork\src\lib\TimeWidget.svelte", "Svelte", 0, 0, 0, -78, 0, 0, 0, -9, -87
"c:\Users\yungr\Documents\Misc Projects\NoWork\src\lib\WindowButtons.svelte", "Svelte", 0, 0, 0, -29, 0, 0, 0, -5, -34
"c:\Users\yungr\Documents\Misc Projects\NoWork\src\lib\cal\EventCard.svelte", "Svelte", 0, 0, 0, 43, 0, 0, 0, 2, 45
"c:\Users\yungr\Documents\Misc Projects\NoWork\src\lib\cal\calendar.ts", "TypeScript", 0, 0, 0, 0, 0, 33, 11, 8, 52
"c:\Users\yungr\Documents\Misc Projects\NoWork\src\lib\cal\calendarCredentialStorage.ts", "TypeScript", 0, 0, 0, 0, 0, 12, 2, 1, 15
"c:\Users\yungr\Documents\Misc Projects\NoWork\src\lib\misc\CustomScrollbar.svelte", "Svelte", 0, 0, 0, -8, 0, 0, -1, -4, -13
"c:\Users\yungr\Documents\Misc Projects\NoWork\src\lib\misc\Header.svelte", "Svelte", 0, 0, 0, 53, 0, 0, 0, 5, 58
"c:\Users\yungr\Documents\Misc Projects\NoWork\src\lib\misc\Logo.svelte", "Svelte", 0, 0, 0, 36, 0, 0, 0, 2, 38
"c:\Users\yungr\Documents\Misc Projects\NoWork\src\lib\misc\WindowButtons.svelte", "Svelte", 0, 0, 0, 29, 0, 0, 0, 5, 34
"c:\Users\yungr\Documents\Misc Projects\NoWork\src\lib\misc\context.ts", "TypeScript", 0, 0, 0, 0, 0, 3, 2, 3, 8
"c:\Users\yungr\Documents\Misc Projects\NoWork\src\lib\misc\portal.ts", "TypeScript", 0, 0, 0, 0, 0, 11, 1, 2, 14
"c:\Users\yungr\Documents\Misc Projects\NoWork\src\lib\misc\position.ts", "TypeScript", 0, 0, 0, 0, 0, 5, 0, 1, 6
"c:\Users\yungr\Documents\Misc Projects\NoWork\src\lib\misc\priority.ts", "TypeScript", 0, 0, 0, 0, 0, 14, 0, 1, 15
"c:\Users\yungr\Documents\Misc Projects\NoWork\src\lib\misc\timeofday.ts", "TypeScript", 0, 0, 0, 0, 0, -5, 0, 0, -5
"c:\Users\yungr\Documents\Misc Projects\NoWork\src\lib\misc\weather.ts", "TypeScript", 0, 0, 0, 0, 0, 109, 5, 21, 135
"c:\Users\yungr\Documents\Misc Projects\NoWork\src\lib\shaders\shader.ts", "TypeScript", 0, 0, 0, 0, 0, -2, 0, 0, -2
"c:\Users\yungr\Documents\Misc Projects\NoWork\src\lib\stores.svelte.ts", "TypeScript", 0, 0, 0, 0, 0, 101, 0, 14, 115
"c:\Users\yungr\Documents\Misc Projects\NoWork\src\lib\types\task.ts", "TypeScript", 0, 0, 0, 0, 0, 22, 0, 6, 28
"c:\Users\yungr\Documents\Misc Projects\NoWork\src\lib\widgets\CalendarWidget.svelte", "Svelte", 0, 0, 0, 222, 0, 0, 1, 40, 263
"c:\Users\yungr\Documents\Misc Projects\NoWork\src\lib\widgets\DynamicBar.svelte", "Svelte", 0, 0, 0, 42, 0, 0, 0, 7, 49
"c:\Users\yungr\Documents\Misc Projects\NoWork\src\lib\widgets\TaskWidget.svelte", "Svelte", 0, 0, 0, 52, 0, 0, 0, 10, 62
"c:\Users\yungr\Documents\Misc Projects\NoWork\src\lib\widgets\TestWidget.svelte", "Svelte", 0, 0, 0, 58, 0, 0, 0, 8, 66
"c:\Users\yungr\Documents\Misc Projects\NoWork\src\lib\widgets\WeatherWidget.svelte", "Svelte", 0, 0, 0, 184, 0, 0, 1, 18, 203
"c:\Users\yungr\Documents\Misc Projects\NoWork\src\routes\+layout.svelte", "Svelte", 0, 0, 0, 11, 0, 0, 0, 1, 12
"c:\Users\yungr\Documents\Misc Projects\NoWork\src\routes\+page.svelte", "Svelte", 0, 0, 0, 113, 0, 0, 4, 11, 128
"c:\Users\yungr\Documents\Misc Projects\NoWork\src\routes\settings\+page.svelte", "Svelte", 0, 0, 0, 59, 0, 0, 5, 22, 86
"c:\Users\yungr\Documents\Misc Projects\NoWork\src\routes\study\+page.svelte", "Svelte", 0, 0, 0, 0, 0, 0, 0, 1, 1
"c:\Users\yungr\Documents\Misc Projects\NoWork\src\routes\tasklist\+page.svelte", "Svelte", 0, 0, 0, 7, 0, 0, 0, 8, 15
"Total", "-", 37, 4, 146, 753, 9, 303, 38, 216, 1506