"filename", "language", "JSON", "Markdown", "JSON with Comments", "Rust", "JavaScript", "XML", "TypeScript", "Svelte", "HTML", "PostCSS", "comment", "blank", "total"
"c:\Users\yungr\Documents\Misc Projects\NoWork\README.md", "Markdown", 0, 17, 0, 0, 0, 0, 0, 0, 0, 0, 0, 11, 28
"c:\Users\yungr\Documents\Misc Projects\NoWork\package-lock.json", "JSON", 2074, 0, 0, 0, 0, 0, 0, 0, 0, 0, 0, 1, 2075
"c:\Users\yungr\Documents\Misc Projects\NoWork\package.json", "JSON", 40, 0, 0, 0, 0, 0, 0, 0, 0, 0, 0, 1, 41
"c:\Users\yungr\Documents\Misc Projects\NoWork\src-tauri\assets\greeting.json", "JSON", 109, 0, 0, 0, 0, 0, 0, 0, 0, 0, 0, 0, 109
"c:\Users\yungr\Documents\Misc Projects\NoWork\src-tauri\build.rs", "Rust", 0, 0, 0, 3, 0, 0, 0, 0, 0, 0, 0, 1, 4
"c:\Users\yungr\Documents\Misc Projects\NoWork\src-tauri\capabilities\default.json", "JSON", 21, 0, 0, 0, 0, 0, 0, 0, 0, 0, 0, 0, 21
"c:\Users\yungr\Documents\Misc Projects\NoWork\src-tauri\capabilities\desktop.json", "JSON", 14, 0, 0, 0, 0, 0, 0, 0, 0, 0, 0, 0, 14
"c:\Users\yungr\Documents\Misc Projects\NoWork\src-tauri\icons\android\mipmap-anydpi-v26\ic_launcher.xml", "XML", 0, 0, 0, 0, 0, 5, 0, 0, 0, 0, 0, 0, 5
"c:\Users\yungr\Documents\Misc Projects\NoWork\src-tauri\icons\android\values\ic_launcher_background.xml", "XML", 0, 0, 0, 0, 0, 4, 0, 0, 0, 0, 0, 0, 4
"c:\Users\yungr\Documents\Misc Projects\NoWork\src-tauri\src\calendar\authtest.rs", "Rust", 0, 0, 0, 300, 0, 0, 0, 0, 0, 0, 23, 63, 386
"c:\Users\yungr\Documents\Misc Projects\NoWork\src-tauri\src\calendar\cal_credentials.rs", "Rust", 0, 0, 0, 25, 0, 0, 0, 0, 0, 0, 0, 4, 29
"c:\Users\yungr\Documents\Misc Projects\NoWork\src-tauri\src\calendar\mod.rs", "Rust", 0, 0, 0, 2, 0, 0, 0, 0, 0, 0, 0, 0, 2
"c:\Users\yungr\Documents\Misc Projects\NoWork\src-tauri\src\commands\database.rs", "Rust", 0, 0, 0, 61, 0, 0, 0, 0, 0, 0, 1, 10, 72
"c:\Users\yungr\Documents\Misc Projects\NoWork\src-tauri\src\commands\geolocation.rs", "Rust", 0, 0, 0, 36, 0, 0, 0, 0, 0, 0, 0, 7, 43
"c:\Users\yungr\Documents\Misc Projects\NoWork\src-tauri\src\commands\greet.rs", "Rust", 0, 0, 0, 40, 0, 0, 0, 0, 0, 0, 1, 10, 51
"c:\Users\yungr\Documents\Misc Projects\NoWork\src-tauri\src\commands\mod.rs", "Rust", 0, 0, 0, 7, 0, 0, 0, 0, 0, 0, 0, 0, 7
"c:\Users\yungr\Documents\Misc Projects\NoWork\src-tauri\src\commands\priority.rs", "Rust", 0, 0, 0, 17, 0, 0, 0, 0, 0, 0, 0, 6, 23
"c:\Users\yungr\Documents\Misc Projects\NoWork\src-tauri\src\commands\tags.rs", "Rust", 0, 0, 0, 88, 0, 0, 0, 0, 0, 0, 6, 17, 111
"c:\Users\yungr\Documents\Misc Projects\NoWork\src-tauri\src\commands\tasks.rs", "Rust", 0, 0, 0, 333, 0, 0, 0, 0, 0, 0, 14, 57, 404
"c:\Users\yungr\Documents\Misc Projects\NoWork\src-tauri\src\commands\types.rs", "Rust", 0, 0, 0, 50, 0, 0, 0, 0, 0, 0, 0, 6, 56
"c:\Users\yungr\Documents\Misc Projects\NoWork\src-tauri\src\lib.rs", "Rust", 0, 0, 0, 49, 0, 0, 0, 0, 0, 0, 2, 4, 55
"c:\Users\yungr\Documents\Misc Projects\NoWork\src-tauri\src\main.rs", "Rust", 0, 0, 0, 4, 0, 0, 0, 0, 0, 0, 1, 2, 7
"c:\Users\yungr\Documents\Misc Projects\NoWork\src-tauri\tauri.conf.json", "JSON", 39, 0, 0, 0, 0, 0, 0, 0, 0, 0, 0, 1, 40
"c:\Users\yungr\Documents\Misc Projects\NoWork\src\app.css", "PostCSS", 0, 0, 0, 0, 0, 0, 0, 0, 0, 83, 0, 17, 100
"c:\Users\yungr\Documents\Misc Projects\NoWork\src\app.html", "HTML", 0, 0, 0, 0, 0, 0, 0, 0, 13, 0, 0, 1, 14
"c:\Users\yungr\Documents\Misc Projects\NoWork\src\lib\AlertDialog.svelte", "Svelte", 0, 0, 0, 0, 0, 0, 0, 109, 0, 0, 0, 9, 118
"c:\Users\yungr\Documents\Misc Projects\NoWork\src\lib\Badge.svelte", "Svelte", 0, 0, 0, 0, 0, 0, 0, 45, 0, 0, 0, 5, 50
"c:\Users\yungr\Documents\Misc Projects\NoWork\src\lib\Button.svelte", "Svelte", 0, 0, 0, 0, 0, 0, 0, 191, 0, 0, 0, 26, 217
"c:\Users\yungr\Documents\Misc Projects\NoWork\src\lib\Card.svelte", "Svelte", 0, 0, 0, 0, 0, 0, 0, 48, 0, 0, 0, 8, 56
"c:\Users\yungr\Documents\Misc Projects\NoWork\src\lib\ColorLine.svelte", "Svelte", 0, 0, 0, 0, 0, 0, 0, 40, 0, 0, 0, 9, 49
"c:\Users\yungr\Documents\Misc Projects\NoWork\src\lib\Countdown.svelte", "Svelte", 0, 0, 0, 0, 0, 0, 0, 88, 0, 0, 0, 17, 105
"c:\Users\yungr\Documents\Misc Projects\NoWork\src\lib\DatePicker.svelte", "Svelte", 0, 0, 0, 0, 0, 0, 0, 251, 0, 0, 0, 39, 290
"c:\Users\yungr\Documents\Misc Projects\NoWork\src\lib\Dropdown.svelte", "Svelte", 0, 0, 0, 0, 0, 0, 0, 226, 0, 0, 0, 26, 252
"c:\Users\yungr\Documents\Misc Projects\NoWork\src\lib\MiniCountdown.svelte", "Svelte", 0, 0, 0, 0, 0, 0, 0, 98, 0, 0, 0, 11, 109
"c:\Users\yungr\Documents\Misc Projects\NoWork\src\lib\NumberInput.svelte", "Svelte", 0, 0, 0, 0, 0, 0, 0, 197, 0, 0, 0, 33, 230
"c:\Users\yungr\Documents\Misc Projects\NoWork\src\lib\PrioritySelector.svelte", "Svelte", 0, 0, 0, 0, 0, 0, 0, 80, 0, 0, 0, 10, 90
"c:\Users\yungr\Documents\Misc Projects\NoWork\src\lib\Sidebar.svelte", "Svelte", 0, 0, 0, 0, 0, 0, 0, 139, 0, 0, 0, 14, 153
"c:\Users\yungr\Documents\Misc Projects\NoWork\src\lib\SidebarButton.svelte", "Svelte", 0, 0, 0, 0, 0, 0, 0, 18, 0, 0, 0, 5, 23
"c:\Users\yungr\Documents\Misc Projects\NoWork\src\lib\Skeleton.svelte", "Svelte", 0, 0, 0, 0, 0, 0, 0, 57, 0, 0, 0, 7, 64
"c:\Users\yungr\Documents\Misc Projects\NoWork\src\lib\Swatch.svelte", "Svelte", 0, 0, 0, 0, 0, 0, 0, 100, 0, 0, 0, 21, 121
"c:\Users\yungr\Documents\Misc Projects\NoWork\src\lib\TagSelector.svelte", "Svelte", 0, 0, 0, 0, 0, 0, 0, 211, 0, 0, 0, 24, 235
"c:\Users\yungr\Documents\Misc Projects\NoWork\src\lib\TaskCard.svelte", "Svelte", 0, 0, 0, 0, 0, 0, 0, 288, 0, 0, 3, 62, 353
"c:\Users\yungr\Documents\Misc Projects\NoWork\src\lib\Textbox.svelte", "Svelte", 0, 0, 0, 0, 0, 0, 0, 74, 0, 0, 0, 11, 85
"c:\Users\yungr\Documents\Misc Projects\NoWork\src\lib\cal\EventCard.svelte", "Svelte", 0, 0, 0, 0, 0, 0, 0, 147, 0, 0, 0, 22, 169
"c:\Users\yungr\Documents\Misc Projects\NoWork\src\lib\cal\calendar.ts", "TypeScript", 0, 0, 0, 0, 0, 0, 41, 0, 0, 0, 11, 8, 60
"c:\Users\yungr\Documents\Misc Projects\NoWork\src\lib\cal\calendarCredentialStorage.ts", "TypeScript", 0, 0, 0, 0, 0, 0, 12, 0, 0, 0, 2, 1, 15
"c:\Users\yungr\Documents\Misc Projects\NoWork\src\lib\cal\dateCalculations.ts", "TypeScript", 0, 0, 0, 0, 0, 0, 19, 0, 0, 0, 5, 5, 29
"c:\Users\yungr\Documents\Misc Projects\NoWork\src\lib\misc\CustomScrollbar.svelte", "Svelte", 0, 0, 0, 0, 0, 0, 0, 161, 0, 0, 1, 27, 189
"c:\Users\yungr\Documents\Misc Projects\NoWork\src\lib\misc\Header.svelte", "Svelte", 0, 0, 0, 0, 0, 0, 0, 53, 0, 0, 0, 5, 58
"c:\Users\yungr\Documents\Misc Projects\NoWork\src\lib\misc\Logo.svelte", "Svelte", 0, 0, 0, 0, 0, 0, 0, 36, 0, 0, 0, 2, 38
"c:\Users\yungr\Documents\Misc Projects\NoWork\src\lib\misc\WindowButtons.svelte", "Svelte", 0, 0, 0, 0, 0, 0, 0, 29, 0, 0, 0, 5, 34
"c:\Users\yungr\Documents\Misc Projects\NoWork\src\lib\misc\context.ts", "TypeScript", 0, 0, 0, 0, 0, 0, 3, 0, 0, 0, 2, 3, 8
"c:\Users\yungr\Documents\Misc Projects\NoWork\src\lib\misc\datePrints.ts", "TypeScript", 0, 0, 0, 0, 0, 0, 73, 0, 0, 0, 3, 16, 92
"c:\Users\yungr\Documents\Misc Projects\NoWork\src\lib\misc\notifications.ts", "TypeScript", 0, 0, 0, 0, 0, 0, 37, 0, 0, 0, 4, 6, 47
"c:\Users\yungr\Documents\Misc Projects\NoWork\src\lib\misc\portal.ts", "TypeScript", 0, 0, 0, 0, 0, 0, 11, 0, 0, 0, 1, 2, 14
"c:\Users\yungr\Documents\Misc Projects\NoWork\src\lib\misc\position.ts", "TypeScript", 0, 0, 0, 0, 0, 0, 5, 0, 0, 0, 0, 1, 6
"c:\Users\yungr\Documents\Misc Projects\NoWork\src\lib\misc\priority.ts", "TypeScript", 0, 0, 0, 0, 0, 0, 14, 0, 0, 0, 0, 1, 15
"c:\Users\yungr\Documents\Misc Projects\NoWork\src\lib\misc\timeofday.ts", "TypeScript", 0, 0, 0, 0, 0, 0, 27, 0, 0, 0, 0, 9, 36
"c:\Users\yungr\Documents\Misc Projects\NoWork\src\lib\misc\weather.ts", "TypeScript", 0, 0, 0, 0, 0, 0, 109, 0, 0, 0, 5, 21, 135
"c:\Users\yungr\Documents\Misc Projects\NoWork\src\lib\shaders\shader.ts", "TypeScript", 0, 0, 0, 0, 0, 0, 245, 0, 0, 0, 26, 53, 324
"c:\Users\yungr\Documents\Misc Projects\NoWork\src\lib\stores.svelte.ts", "TypeScript", 0, 0, 0, 0, 0, 0, 206, 0, 0, 0, 0, 25, 231
"c:\Users\yungr\Documents\Misc Projects\NoWork\src\lib\theme.ts", "TypeScript", 0, 0, 0, 0, 0, 0, 34, 0, 0, 0, 0, 5, 39
"c:\Users\yungr\Documents\Misc Projects\NoWork\src\lib\types\Study.ts", "TypeScript", 0, 0, 0, 0, 0, 0, 5, 0, 0, 0, 0, 0, 5
"c:\Users\yungr\Documents\Misc Projects\NoWork\src\lib\types\task.ts", "TypeScript", 0, 0, 0, 0, 0, 0, 41, 0, 0, 0, 0, 8, 49
"c:\Users\yungr\Documents\Misc Projects\NoWork\src\lib\types\taskStore.svelte.ts", "TypeScript", 0, 0, 0, 0, 0, 0, 6, 0, 0, 0, 0, 1, 7
"c:\Users\yungr\Documents\Misc Projects\NoWork\src\lib\types\timerStore.svelte.ts", "TypeScript", 0, 0, 0, 0, 0, 0, 111, 0, 0, 0, 10, 18, 139
"c:\Users\yungr\Documents\Misc Projects\NoWork\src\lib\widgets\CalendarWidget.svelte", "Svelte", 0, 0, 0, 0, 0, 0, 0, 222, 0, 0, 1, 40, 263
"c:\Users\yungr\Documents\Misc Projects\NoWork\src\lib\widgets\DynamicBar.svelte", "Svelte", 0, 0, 0, 0, 0, 0, 0, 42, 0, 0, 0, 7, 49
"c:\Users\yungr\Documents\Misc Projects\NoWork\src\lib\widgets\TaskWidget.svelte", "Svelte", 0, 0, 0, 0, 0, 0, 0, 52, 0, 0, 0, 10, 62
"c:\Users\yungr\Documents\Misc Projects\NoWork\src\lib\widgets\TestWidget.svelte", "Svelte", 0, 0, 0, 0, 0, 0, 0, 58, 0, 0, 0, 8, 66
"c:\Users\yungr\Documents\Misc Projects\NoWork\src\lib\widgets\WeatherWidget.svelte", "Svelte", 0, 0, 0, 0, 0, 0, 0, 184, 0, 0, 1, 18, 203
"c:\Users\yungr\Documents\Misc Projects\NoWork\src\routes\+layout.svelte", "Svelte", 0, 0, 0, 0, 0, 0, 0, 125, 0, 0, 0, 20, 145
"c:\Users\yungr\Documents\Misc Projects\NoWork\src\routes\+layout.ts", "TypeScript", 0, 0, 0, 0, 0, 0, 1, 0, 0, 0, 4, 1, 6
"c:\Users\yungr\Documents\Misc Projects\NoWork\src\routes\+page.svelte", "Svelte", 0, 0, 0, 0, 0, 0, 0, 252, 0, 0, 5, 34, 291
"c:\Users\yungr\Documents\Misc Projects\NoWork\src\routes\info\+page.svelte", "Svelte", 0, 0, 0, 0, 0, 0, 0, 40, 0, 0, 0, 3, 43
"c:\Users\yungr\Documents\Misc Projects\NoWork\src\routes\settings\+page.svelte", "Svelte", 0, 0, 0, 0, 0, 0, 0, 301, 0, 0, 6, 54, 361
"c:\Users\yungr\Documents\Misc Projects\NoWork\src\routes\study\+page.svelte", "Svelte", 0, 0, 0, 0, 0, 0, 0, 140, 0, 0, 2, 14, 156
"c:\Users\yungr\Documents\Misc Projects\NoWork\src\routes\tasklist\+page.svelte", "Svelte", 0, 0, 0, 0, 0, 0, 0, 342, 0, 0, 3, 52, 397
"c:\Users\yungr\Documents\Misc Projects\NoWork\static\rs_logo.svg", "XML", 0, 0, 0, 0, 0, 20, 0, 0, 0, 0, 0, 1, 21
"c:\Users\yungr\Documents\Misc Projects\NoWork\svelte.config.js", "JavaScript", 0, 0, 0, 0, 11, 0, 0, 0, 0, 0, 5, 3, 19
"c:\Users\yungr\Documents\Misc Projects\NoWork\tsconfig.json", "JSON with Comments", 0, 0, 23, 0, 0, 0, 0, 0, 0, 0, 5, 1, 29
"c:\Users\yungr\Documents\Misc Projects\NoWork\vite.config.js", "JavaScript", 0, 0, 0, 0, 22, 0, 0, 0, 0, 0, 6, 5, 33
"Total", "-", 2297, 17, 23, 1015, 33, 29, 1000, 4444, 13, 83, 159, 1071, 10184